{
  "random":[0.004153543307086614, 0.02346456692913386, 0.04279527559055118, 0.06093503937007874, 0.07369094488188976, 0.08730314960629922, 0.09924212598425197, 0.10903543307086615, 0.1195767716535433, 0.1253740157480315, 0.13685039370078741, 0.14125, 0.14936023622047245, 0.15595472440944882, 0.16142716535433072, 0.17209645669291337, 0.17718503937007873, 0.18065944881889764, 0.1916240157480315, 0.1951968503937008, 0.2126279527559055, 0.21469488188976377, 0.22514763779527558, 0.23477362204724408, 0.23598425196850395, 0.25835629921259845, 0.26554133858267714, 0.27298228346456693, 0.28811023622047244, 0.2909744094488189, 0.31040354330708664, 0.31645669291338585, 0.3288681102362205, 0.33658464566929136, 0.34833661417322836, 0.36313976377952756, 0.37380905511811024, 0.38221456692913386, 0.39415354330708663, 0.3906692913385827, 0.4195964566929134, 0.41781496062992124, 0.4260728346456693, 0.4337992125984252, 0.4453051181102362, 0.455757874015748, 0.46008858267716535, 0.4653444881889764, 0.476998031496063, 0.4484744094488189, 0.5187992125984252, 0.4932283464566929, 0.5014074803149606, 0.5054429133858268, 0.5075492125984252, 0.5161909448818898, 0.520984251968504, 0.520994094488189, 0.5269488188976378, 0.5138976377952756, 0.5443011811023623, 0.531988188976378, 0.5375, 0.5344291338582677, 0.5390157480314961, 0.5432086614173228, 0.5426574803149606, 0.5411614173228346, 0.5484350393700788, 0.54, 0.5548031496062992, 0.545984251968504, 0.5505413385826772, 0.5484448818897638, 0.5326771653543307, 0.5663287401574804, 0.5508070866141732, 0.5473228346456693, 0.5499311023622048, 0.5350295275590551, 0.562746062992126, 0.5486811023622047, 0.5509153543307087, 0.545757874015748, 0.5479625984251969, 0.5513484251968503, 0.5489370078740158, 0.5441830708661417, 0.5485629921259843, 0.539498031496063, 0.5534350393700788, 0.5428149606299213, 0.5465452755905512, 0.5450098425196851, 0.5424015748031497, 0.5458562992125984, 0.5461220472440945, 0.5444488188976377, 0.5639566929133858, 0.4975295275590551],
  "masters":[0, 0.00009787763401342502, 0.0012250490966841583, 0.0030278919683507937, 0.0053074936379537896, 0.006974570759214705, 0.008426948554252625, 0.009538333301759903, 0.010605515246809505, 0.009768819343146355, 0.01129381602793617, 0.01078864114270559, 0.011025441870157426, 0.010725494282051768, 0.010747595683280606, 0.010352927804194214, 0.0107854837996729, 0.010330826402965376, 0.010693920851724856, 0.00894475281161397, 0.012114725216435866, 0.010905462834915162, 0.010400287949684582, 0.011205410423020819, 0.010242420798050026, 0.013267155423368128, 0.011827407000460971, 0.011881081832016721, 0.013121917643864335, 0.012496763723391492, 0.01447641780488883, 0.013532372238114182, 0.014653229014719533, 0.015180505301178952, 0.015019480806511705, 0.016212956472868953, 0.01693914537038791, 0.017535883203566534, 0.018407309880589286, 0.01696124677161675, 0.02172252006491497, 0.020756373096911487, 0.02144151653500546, 0.021618327744836165, 0.022758128579637663, 0.0244188910148332, 0.02540082469800014, 0.02509140508079641, 0.027453097669249374, 0.021125782231736348, 0.034743402731733194, 0.029603248274512033, 0.03029786374170408, 0.03220805627648222, 0.03204703178181497, 0.033733052961272034, 0.03589899028169814, 0.03606001477636539, 0.038112287747614625, 0.03519806012844071, 0.04371341428760869, 0.04069183700532328, 0.042620973598297564, 0.04259255751100334, 0.04455958222036992, 0.04747696718257652, 0.04755274341536111, 0.04844311415058, 0.05025542905134471, 0.04980392899766988, 0.05482726176268147, 0.05400635257418177, 0.055206142926604404, 0.057444699136782414, 0.05178358307916722, 0.06447610207058556, 0.06267325919891893, 0.06269851794318046, 0.0633584026370129, 0.058552926541257, 0.07483534456084516, 0.06846066897784177, 0.07008038595361232, 0.07210424283756733, 0.07288726390967473, 0.07789796730255555, 0.07954925770865301, 0.07918300591686084, 0.08358118476139959, 0.0809100725557429, 0.09201129065868491, 0.09040736039807781, 0.09473923503893004, 0.09780501512367312, 0.09627054640978523, 0.10657611406848909, 0.10765908272870214, 0.09426563358402637, 0.13314831303161764, 0.037679731752135945]
}